{
  "properties": {
    "connectionReferences": {
      "shared_sharepointonline_1": {
        "runtimeSource": "invoker",
        "connection": {
          "connectionReferenceLogicalName": "new_sharedsharepointonline_79d66"
        },
        "api": {
          "name": "shared_sharepointonline"
        }
      },
      "shared_office365": {
        "runtimeSource": "invoker",
        "connection": {
          "connectionReferenceLogicalName": "crcac_sharedoffice365_c5f26"
        },
        "api": {
          "name": "shared_office365"
        }
      }
    },
    "definition": {
      "$schema": "https://schema.management.azure.com/providers/Microsoft.Logic/schemas/2016-06-01/workflowdefinition.json#",
      "contentVersion": "1.0.0.0",
      "parameters": {
        "$connections": {
          "defaultValue": {},
          "type": "Object"
        },
        "$authentication": {
          "defaultValue": {},
          "type": "SecureObject"
        }
      },
      "triggers": {
        "manual": {
          "metadata": {
            "operationMetadataId": "447813f0-9c06-4388-b92a-beb457c55bfb"
          },
          "type": "Request",
          "kind": "Button",
          "inputs": {
            "schema": {
              "type": "object",
              "properties": {
                "text": {
                  "title": "Input",
                  "type": "string",
                  "x-ms-dynamically-added": true,
                  "description": "Please enter your input",
                  "x-ms-content-hint": "TEXT",
                  "enum": [
                    "Check-In",
                    "Check-Out"
                  ]
                },
                "number": {
                  "title": "Temperature",
                  "type": "number",
                  "x-ms-dynamically-added": true,
                  "description": "Please enter a number",
                  "x-ms-content-hint": "NUMBER"
                }
              },
              "required": [
                "text",
                "number"
              ]
            }
          }
        }
      },
      "actions": {
        "Condition": {
          "actions": {
            "Empty_Temperature": {
              "runAfter": {},
              "metadata": {
                "operationMetadataId": "a268efb5-7af7-4eac-bba6-d6be67004dc0"
              },
              "type": "OpenApiConnection",
              "inputs": {
                "host": {
                  "connectionName": "shared_sharepointonline_1",
                  "operationId": "PostItem",
                  "apiId": "/providers/Microsoft.PowerApps/apis/shared_sharepointonline"
                },
                "parameters": {
                  "dataset": "https://enguniben.sharepoint.com/sites/UdemyClass",
                  "table": "8c4dd3ac-53c4-4a0b-8e44-6ccd988b7341",
                  "item/SubmissionTime": "@triggerOutputs()['headers']['x-ms-user-timestamp']",
                  "item/EmployeeName": "@triggerOutputs()['headers']['x-ms-user-name-encoded']",
                  "item/EmployeeEmail": "@triggerOutputs()['headers']['x-ms-user-email-encoded']",
                  "item/Location": "@triggerBody()['location']['address']['countryOrRegion']",
                  "item/Activity/Value": "@triggerBody()['text']"
                },
                "authentication": {
                  "type": "Raw",
                  "value": "@json(decodeBase64(triggerOutputs().headers['X-MS-APIM-Tokens']))['$ConnectionKey']"
                }
              }
            }
          },
          "runAfter": {},
          "else": {
            "actions": {
              "Not_Empty_Temperature_": {
                "runAfter": {},
                "metadata": {
                  "operationMetadataId": "4227d934-5c8c-45ae-9784-9a603cac6f15"
                },
                "type": "OpenApiConnection",
                "inputs": {
                  "host": {
                    "connectionName": "shared_sharepointonline_1",
                    "operationId": "PostItem",
                    "apiId": "/providers/Microsoft.PowerApps/apis/shared_sharepointonline"
                  },
                  "parameters": {
                    "dataset": "https://enguniben.sharepoint.com/sites/UdemyClass",
                    "table": "8c4dd3ac-53c4-4a0b-8e44-6ccd988b7341",
                    "item/SubmissionTime": "@triggerOutputs()['headers']['x-ms-user-timestamp']",
                    "item/EmployeeName": "@triggerOutputs()['headers']['x-ms-user-name-encoded']",
                    "item/EmployeeEmail": "@triggerOutputs()['headers']['x-ms-user-email-encoded']",
                    "item/Temperature": "@triggerBody()?['number']",
                    "item/Location": "@triggerBody()['location']['address']['countryOrRegion']",
                    "item/Activity/Value": "@triggerBody()['text']"
                  },
                  "authentication": {
                    "type": "Raw",
                    "value": "@json(decodeBase64(triggerOutputs().headers['X-MS-APIM-Tokens']))['$ConnectionKey']"
                  }
                }
              }
            }
          },
          "expression": {
            "equals": [
              "@empty(String(triggerBody()['number']))",
              ""
            ]
          },
          "metadata": {
            "operationMetadataId": "33f932da-292c-410b-8e71-c5521ccea35a"
          },
          "type": "If"
        },
        "Send_an_email_(V2)": {
          "runAfter": {
            "Condition": [
              "Succeeded"
            ]
          },
          "metadata": {
            "operationMetadataId": "10f6e8fd-d2f9-4283-a182-bb33382ced2b"
          },
          "type": "OpenApiConnection",
          "inputs": {
            "host": {
              "connectionName": "shared_office365",
              "operationId": "SendEmailV2",
              "apiId": "/providers/Microsoft.PowerApps/apis/shared_office365"
            },
            "parameters": {
              "emailMessage/To": "@triggerOutputs()['headers']['x-ms-user-email-encoded']",
              "emailMessage/Subject": "@{triggerBody()['text']}Activity Update",
              "emailMessage/Body": "<p>Hi,@{triggerOutputs()['headers']['x-ms-user-name-encoded']},<br>\nYour @{triggerBody()['text']} request was successful.<br>\nRegards.</p>",
              "emailMessage/Importance": "High"
            },
            "authentication": {
              "type": "Raw",
              "value": "@json(decodeBase64(triggerOutputs().headers['X-MS-APIM-Tokens']))['$ConnectionKey']"
            }
          }
        }
      }
    },
    "templateName": null
  },
  "schemaVersion": "1.0.0.0"
}